day_index,temperature,temperature_scaled
0,20.031193698190084,-0.28528804487273474
1,20.98138493415176,-0.14448584868223963
2,19.6688345791804,-0.338983509359501
3,24.60962569681717,0.39315778383782674
4,19.63817675272617,-0.3435264783238626
5,20.121599050402853,-0.2718915077787569
6,20.39172310378416,-0.23186371282496257
7,20.39915812081629,-0.23076196963136422
8,20.696921223520917,-0.18663853719107737
9,21.23957439705808,-0.10622655725269745
10,21.27054414262565,-0.10163736717564834
11,20.53617494680679,-0.2104584041128001
12,20.98910735273962,-0.1433415174614064
13,21.48470419775987,-0.06990248586130181
14,21.688819423278098,-0.03965607762138871
15,20.92358569545054,-0.15305071377387938
16,21.69137099436286,-0.03927797814112244
17,21.585892769946486,-0.054908058788065255
18,20.970255891016464,-0.14613498377804204
19,21.986154717408883,0.004403960857276091
20,21.7445611638369,-0.03139609879489849
21,20.8806908022478,-0.1594070081067672
22,21.686932788484658,-0.039935644841409296
23,21.93613292470399,-0.0030084188865828476
24,21.69550183427595,-0.038665857854319294
25,22.694597763433435,0.10938318291375508
26,22.794641062642818,0.12420789999143603
27,22.052933036756365,0.01429937313448932
28,22.07967894008345,0.018262661560046082
29,22.341624498694536,0.057078542552106155
30,22.38848251308566,0.06402210410655317
31,22.27337792349742,0.04696555970554457
32,20.796156054044868,-0.17193362143564786
33,23.60869951150342,0.24483753020581517
34,22.81204982315973,0.12678758250266722
35,27.622807232126203,0.8396600895160827
36,23.134921470509852,0.17463167463274237
37,26.24838795854189,0.6359945063333923
38,22.91683951301526,0.1423156340267864
39,22.70867734680911,0.11146953793968405
40,22.37147116144859,0.06150131083882321
41,22.69263402806133,0.10909219069801503
42,22.89029558155552,0.13838227440020717
43,23.852660455855457,0.28098839694655964
44,23.967829830748578,0.29805454142896565
45,23.24268420024653,0.1906002801514518
46,22.42956330573917,0.07010957956196125
47,23.84349301952623,0.27962993864917757
48,25.65072959168868,0.5474316913550075
49,23.770071186246767,0.26875007048914595
50,24.54788781184892,0.3840092782921113
51,24.215676008906037,0.3347811338045225
52,23.734299100621843,0.2634492552135704
53,23.695124892278777,0.2576443031576347
54,24.242566140815462,0.3387657944553517
55,23.99589846517396,0.3022138361283762
56,24.487826390967,0.3751091962386951
57,25.111698646458542,0.4675564641053814
58,23.983015661456456,0.30030482351295296
59,24.790747429250303,0.4199969470917394
60,25.277999952309244,0.49219949195800883
61,24.850659773125493,0.4288749384657697
62,25.327478449784543,0.4995313645801311
63,24.895637272859844,0.43553983970046123
64,25.196918929721303,0.4801846620820008
65,25.40376950546023,0.5108364027474808
66,27.193920872593768,0.7761064183677743
67,26.32136150273781,0.6468079456682545
68,25.6855778651016,0.5525956133575293
69,26.118665534416827,0.6167718472299563
70,26.072685551235992,0.6099583949819871
71,25.77042986911536,0.5651692386069882
72,28.72717042973395,1.0033079508413372
73,25.83877895243402,0.5752974114154168
74,29.31178624058994,1.0899380806308425
75,25.88865268542608,0.5826878512255603
76,25.44575276430428,0.5170576083582584
77,24.965159140282505,0.44584179918598316
78,25.656492478720743,0.548285653294249
79,26.185529183577117,0.6266799039355637
80,26.745943486488983,0.7097237814626963
81,25.852677397174745,0.577356924773426
82,26.850532760957016,0.7252221348317054
83,25.804678635999185,0.5702443239282899
84,26.014377012826262,0.6013180603272072
85,27.262379680835533,0.7862508505454389
86,26.62481556454655,0.6917746815510096
87,26.576933857765745,0.6846794261782703
88,26.84365629244913,0.7242031590389374
89,26.184613454208726,0.6265442084025955
90,26.683712769298705,0.7005022465555335
91,26.911307829096184,0.7342279672828553
92,27.58602252131046,0.8342092203930407
93,26.194988431937038,0.6280816038176303
94,27.97106304568596,0.8912656837685844
95,27.08611667087468,0.7601316674059344
96,26.65153269582153,0.6957337064473184
97,26.61885726863953,0.690891763336749
98,27.45860255124306,0.8153277458592756
99,26.705261847751448,0.703695453835494
100,27.15512494483498,0.770357521066952
101,27.366032793073337,0.8016104805785361
102,28.11809335458552,0.9130530773122351
103,28.11022304682841,0.9118868314293476
104,27.33370677836498,0.7968203144595902
105,27.60253005896941,0.8366553569896648
106,26.964306107395487,0.7420814116174628
107,26.79503222340691,0.7169978981927525
108,27.252085992649164,0.7847255008593054
109,28.47964029072096,0.9666281900970765
110,28.359054904154032,0.9487594847096613
111,28.21109556798274,0.9268344251097156
112,27.340364508312348,0.7978068769143405
113,27.762579199410197,0.860371920160926
114,27.738160172145022,0.8567534352311083
115,28.132159240894342,0.9151374026655875
116,28.148142050232988,0.917505783440956
117,27.808620126025723,0.8671944031904083
118,28.530552709541976,0.9741725454984546
119,28.51617601526272,0.9720421636849137
120,28.082459347754146,0.9077727229677263
121,28.64358454354728,0.9909219427408728
122,32.1125934783404,1.5049701239251307
123,29.29283128370776,1.0871292780901562
124,28.86690693134002,1.0240145260753197
125,28.894378883158986,1.0280854025508697
126,28.58523564987191,0.9822756281214128
127,29.261109966361342,1.082428717845659
128,28.251411543177312,0.9328085676129478
129,29.283228594808904,1.08570632275746
130,28.721597123132483,1.0024820815006932
131,29.64934083625051,1.1399579362182286
132,29.235822820138488,1.0786815924367779
133,28.94500529680117,1.0355873768443429
134,28.897282369725783,1.028515649926074
135,29.314286818079538,1.0903086237267527
136,29.325360649455767,1.091949577377981
137,28.92230646414685,1.0322237955275206
138,29.20143430516807,1.073585798823544
139,29.63710650607269,1.1381450163629818
140,28.539982599643697,0.9755698949854907
141,29.61670103334312,1.1351212720198538
142,29.545820079046084,1.124617918952195
143,29.90933485648885,1.1784846323826113
144,28.98832789452207,1.042007049719568
145,29.378499593902525,1.0998238660455415
146,29.50700365151012,1.118865983932713
147,29.802034715786075,1.1625845746987393
148,29.674699016976405,1.1437155877334921
149,28.867202266822957,1.024058289775759
150,29.65867437893032,1.1413410086544054
151,30.540770739011315,1.2720527012594665
152,32.94780802607649,1.6287347285233522
153,30.406675009939374,1.2521819926710152
154,30.132669979496573,1.2115791028595309
155,30.31515256861412,1.2386199219513572
156,29.81107119511737,1.163923627394157
157,29.93846608124307,1.1828013849139707
158,29.82607895673932,1.1661475226652336
159,29.72058549297852,1.1505151838063827
160,30.108924550359603,1.208060433727009
161,29.49605374430958,1.1172433937386899
162,30.71728786280002,1.298209539750536
163,29.327945281480424,1.0923325759277915
164,30.21431273570377,1.2236771721133315
165,30.513931973404016,1.2680756522218326
166,29.751572532506607,1.1551069365545343
167,29.29799038004346,1.0878937685073822
168,30.446146912032116,1.2580310578824507
169,29.983289332778654,1.1894434291864813
170,30.3007648246714,1.2364879027654392
171,29.85119927029744,1.169869926307904
172,30.783012532291306,1.307948819021936
173,28.86897284477336,1.0243206593435976
174,30.12529465184029,1.210486204617233
175,30.61711126524517,1.2833650701229682
176,30.00723770015624,1.1929921703180788
177,30.11337960029877,1.2087205964309287
178,29.752126308871908,1.1551889968024949
179,29.9857078286119,1.1898018091755937
180,29.144965587869734,1.0652180943965304
181,32.87162140384117,1.6174451656174056
182,29.59647234578845,1.132123724235837
183,30.327836970593697,1.2404995348003223
184,29.710312862649264,1.1489929545368736
185,29.726780244663665,1.151433140749272
186,29.81037398497856,1.163820312698088
187,29.62562823489781,1.1364441316055491
188,30.13437387415257,1.2118315910961739
189,30.187887866109936,1.2197614554322638
190,30.410088107193303,1.2526877556911071
191,33.28261391645997,1.6783472726927349
192,30.26886341306416,1.2317606556115226
193,29.824399768884597,1.165898695556739
194,29.78802946609004,1.160509234661108
195,29.5439715578985,1.1243439995268902
196,29.52924959656403,1.1221624550023004
197,30.064595592888026,1.201491635436088
198,29.600649830028683,1.1327427564193753
199,30.686712894262147,1.2936788489215147
200,29.92529395666252,1.1808494998625798
201,30.685534123654698,1.2935041751463292
202,30.21081910741703,1.2231594757625033
203,29.52571637712215,1.121638891914986
204,32.8564506746001,1.6151971213142056
205,29.054316993754785,1.0517855129856444
206,29.97356703442985,1.1880027497656218
207,29.52208712332209,1.121101098167537
208,33.54387643195367,1.7170619383005847
209,30.597199791310462,1.28041452800756
210,30.335960424110123,1.2417032925834663
211,30.306036016477066,1.237269003826667
212,30.17873310577273,1.2184048755015178
213,29.15270603600988,1.066365097290667
214,29.55169728430956,1.1254888209109173
215,29.56328634462708,1.127206122736838
216,28.85858675312816,1.02278161703492
217,29.41468923396573,1.10518655579408
218,29.399194075385296,1.1028904365752608
219,29.713616081418262,1.1494824354324764
220,30.89450573478269,1.3244702172173322
221,29.594882473377695,1.1318881321585537
222,29.64493148106632,1.1393045447005836
223,29.432239387086277,1.1077871902867265
224,29.901199570590737,1.1772791212415485
225,28.969713227770907,1.0392486723943286
226,30.428351179739877,1.2553940327292672
227,29.391247178094797,1.1017128414248802
228,29.22806186245333,1.0775315503765546
229,29.882342904984736,1.1744848837978956
230,28.92287024447776,1.032307338193204
231,29.698305825070832,1.1472137155828603
232,30.010957858880715,1.193543434630734
233,29.15673977684209,1.0669628291435225
234,30.27221831186146,1.2322577946092095
235,29.53567984276409,1.1231153082309433
236,29.508970283192053,1.1191574053323574
237,29.829999706978583,1.1667285112320709
238,29.928235573255744,1.1812853974598219
239,29.208948219621984,1.0746992332744814
240,29.441004099928115,1.1090859718060708
241,29.70460929422615,1.148147782607578
242,28.38878723136178,0.9531653104111246
243,28.067565427501,0.9055656970531937
244,28.865535787454625,1.023811345849014
245,27.978938122656555,0.8924326363678754
246,28.65943495502021,0.9932707044021531
247,33.22013051564446,1.6690882943657346
248,28.598254545475413,0.9842048072419644
249,28.62417577534069,0.9880458930727504
250,28.152426355911484,0.9181406447466101
251,29.00501057192389,1.0444791390502348
252,28.036281151665385,0.9009298989346965
253,27.47303386977175,0.8174662220584458
254,28.3766881729192,0.9513724355285983
255,28.893144370476737,1.0279024687473288
256,28.430233820747613,0.9593069907269033
257,27.762014286690302,0.8602882096944359
258,28.348896226108053,0.9472541412323366
259,28.46999738904092,0.9651992759134761
260,28.24834883105507,0.9323547257158746
261,28.022666813936656,0.8989124854085193
262,28.349173623308147,0.9472952467840531
263,27.1875664990533,0.7751648081781085
264,27.559861715815025,0.8303326335245649
265,27.30373212545992,0.7923785802072123
266,28.57946697517796,0.9814208085490199
267,28.209671704671507,0.9266234327602718
268,27.89404848406008,0.8798534343127186
269,27.02345699703318,0.7508465684115889
270,28.06757901394986,0.9055677103340636
271,28.33497166484678,0.9451907578497357
272,27.873108406722835,0.8767504706503578
273,27.514898553542224,0.823669856858063
274,27.792943139555693,0.8648713401678422
275,27.5576135746992,0.8299994972100272
276,27.82774349094232,0.870028160940325
277,27.75958048132881,0.8599275610933662
278,27.139723611723863,0.7680753051884693
279,26.86194488108897,0.7269132171285682
280,26.93385784302183,0.7375694961927107
281,27.342696880981457,0.7981524949138717
282,26.845557093155392,0.7244848254065412
283,26.58002430213638,0.6851373775233482
284,26.894335820099396,0.7317130039259327
285,27.387579818048177,0.8048033835679625
286,29.124450984432123,1.0621781787367428
287,26.572383576561062,0.6840051518189039
288,26.808319515193453,0.7189668490672317
289,26.627267057867403,0.6921379512071151
290,25.55510997527353,0.5332624889033352
291,26.80653076741096,0.7187017870390061
292,26.59764925576964,0.6877490961810213
293,26.33732542891592,0.6491735282800815
294,29.64815306794894,1.139781929137657
295,26.805048373615428,0.7184821214662979
296,29.48113108658283,1.115032109418856
297,25.64096501167972,0.5459847465105334
298,25.591401430530567,0.5386402659336275
299,26.49064471152403,0.6718928408695354
300,24.925668051509223,0.43998989083449824
301,25.72174720618397,0.557955295142014
302,25.947567477895745,0.5914180224309813
303,24.783531794237724,0.4189277125858541
304,25.706590689356258,0.5557093568769865
305,25.996924207952127,0.598731851190606
306,24.70682432506933,0.40756096901428934
307,26.20821717090058,0.6300418781586288
308,24.80335870705853,0.4218657241809845
309,25.524410495741463,0.5287133476605773
310,25.12364474149436,0.4693266724100718
311,25.128238338270787,0.47000736540118315
312,24.379412574218367,0.3590441106876249
313,25.57872336622277,0.5367615922199351
314,25.038407594334828,0.4566959754904903
315,25.61252229505417,0.5417700191851983
316,24.09969246237137,0.3175943429186693
317,24.563750323398256,0.3863598329791193
318,24.68477173233982,0.40429314947387096
319,24.53551628860498,0.3821760287555531
320,24.763718368543596,0.41599169955373333
321,24.258056055990963,0.34106113669065186
322,25.34041192293983,0.5014478855452945
323,24.22340288991551,0.3359261262804162
324,22.68519193140721,0.10798939842472957
325,24.092867021360203,0.316582928533892
326,24.604711201345125,0.3924295391125093
327,23.435259569918085,0.2191366778319763
328,23.32619457441626,0.202975098654053
329,23.32176843548156,0.20231922006976003
330,23.12585302893137,0.173287885675372
331,23.34626122056384,0.20594863465483204
332,23.962229323022356,0.2972246413438152
333,24.192119203835325,0.33129041555365313
334,22.137958830531748,0.026898751073707584
335,23.08175238434808,0.16675291947516344
336,23.34299455194735,0.20546456987079637
337,24.2960773944247,0.3466952530147769
338,23.98227976753723,0.30019577653791374
339,21.946972712926964,-0.001402146453971042
340,21.57758995335989,-0.056138395130597846
341,23.82282859126955,0.27656782149692166
342,23.08784339023177,0.16765550305305263
343,22.34465443433996,0.05752752753222969
344,22.63516844583844,0.10057676782720766
345,25.532430075986063,0.5299017131897782
346,22.08913454322304,0.019663821282396503
347,22.376292589547592,0.06221576456079122
348,22.401156540244745,0.06590017958340307
349,26.06711257823553,0.6091325750753437
350,22.54170527467557,0.08672711392112746
351,22.84753610485543,0.1320460464921106
352,21.22384466478522,-0.1085574363070239
353,24.01061656806208,0.30439480889677667
354,21.851871773301298,-0.015494489818432065
355,20.68757149503548,-0.1880240080886297
356,22.156309305674284,0.02961797969150603
357,21.803632277429667,-0.02264276345513172
358,21.2159916982049,-0.10972111252216019
359,21.224848995531357,-0.10840861155532563
360,21.860302299836658,-0.014245229031450023
361,20.7524158921456,-0.17841517022715161
362,21.71391272317533,-0.03593767694426485
363,20.857410889396927,-0.16285669563541344
364,21.277969380784004,-0.10053707304498768
365,20.85983130650097,-0.16249803094661416
366,21.849466598659184,-0.015850895833362886
367,20.20554244793616,-0.2594525225713011
368,23.92780259864346,0.2921231857454719
369,19.72878284015776,-0.3301001956812071
370,19.849716727744884,-0.31217984836408197
371,20.67088112037457,-0.1904972380223072
372,21.03059855193127,-0.1371932267303842
373,20.5599406335996,-0.2069367331398865
374,20.060177604810168,-0.2809931223857285
375,19.532234841541797,-0.3592252694711847
376,24.11439037007611,0.31977232310403486
377,19.33708892506882,-0.3881425785107625
378,23.12832638140029,0.17365439448580575
379,19.489556015317515,-0.3655495463491224
380,18.54305538139232,-0.5058048580259166
381,18.785599180599323,-0.46986398811653574
382,20.335589518569456,-0.24018175637150946
383,18.52553555786755,-0.5084009981878085
384,18.63125956476116,-0.4927344967539017
385,19.17769863563277,-0.4117615111578531
386,19.120242861361323,-0.4202754806569059
387,18.85755369282012,-0.45920155200571433
388,17.88982593069741,-0.602602363404996
389,19.232482333876334,-0.4036434979241019
390,18.50351958871012,-0.5116633907371262
391,19.25216926827567,-0.40072622875261865
392,18.23652935524368,-0.5512268068271943
393,18.967280268065178,-0.44294193795093995
394,19.04127685551717,-0.43197690098835634
395,18.077078944381107,-0.5748546484481545
396,18.668208860255994,-0.4872592389779246
397,17.481269637277347,-0.6631434641895894
398,18.19507525896073,-0.5573695995375731
399,20.613914081203387,-0.19893878528374306
400,18.15826812334544,-0.562823791634882
401,19.020247847758554,-0.43509304262812165
402,18.0225824738364,-0.5829300994173052
403,17.4711945920541,-0.664636414703615
404,18.992865037567004,-0.43915070982912
405,18.30803457563564,-0.5406309481313561
406,16.608668824301798,-0.79244807805526
407,16.93716135008508,-0.7437710672473908
408,16.729472339460457,-0.7745470497168371
409,17.490867799535156,-0.6617211796281827
410,17.3733326410511,-0.6791378930410398
411,17.289384878473406,-0.6915775250739059
412,16.112819765255104,-0.8659244834886405
413,16.529060211573263,-0.8042447218082532
414,16.694016353400425,-0.7798010244078366
415,15.778478791309766,-0.9154681349414218
416,16.174537924567485,-0.8567789009499602
417,17.209919612470557,-0.703352927277799
418,15.676159449865128,-0.9306301228054639
419,17.10257164621888,-0.7192600718953999
420,16.84251465479392,-0.7577960993196773
421,16.073830448152872,-0.871702037804226
422,15.817287211679313,-0.9097173864479506
423,16.480433324266713,-0.8114504002733262
424,15.593721808788274,-0.9428459804908247
425,15.541947270767569,-0.9505180873090753
426,15.822653767139956,-0.908922154113407
427,14.693405627787016,-1.076257540977928
428,14.95776716182111,-1.0370836534787276
429,18.030496829863576,-0.581757326329231
430,15.769983561773966,-0.9167269836136813
431,15.056507211030372,-1.0224520559071602
432,15.283966823716034,-0.9887464061403879
433,14.501844726769685,-1.1046436116410319
434,15.70094842493518,-0.9269568178968554
435,15.271214622617023,-0.9906360656668581
436,15.242253426957545,-0.9949276227753913
437,15.259258004988242,-0.9924078332410334
438,14.981698990189216,-1.0335373631473157
439,14.628606818601128,-1.085859623483633
440,15.36353891862926,-0.9769551737071384
441,14.805736196065594,-1.0596120594007983
442,14.573390436211636,-1.094041753155947
443,14.581252895269,-1.092876670317002
444,14.500308270462158,-1.104871288359426
445,14.357504032755006,-1.1260324499587815
446,14.598926409165813,-1.0902577558533721
447,13.838824757443607,-1.2028919055276657
448,13.806641096065132,-1.2076609773018905
449,14.449355138238284,-1.1124216767953339
450,14.02920003776994,-1.1746815237057375
451,14.520027180904462,-1.101949280881689
452,14.171700301874788,-1.1535654058293383
453,13.624300981747515,-1.2346806840491982
454,14.121945900756623,-1.1609381626833732
455,14.367209281313238,-1.1245942970271872
456,13.926757587374544,-1.1898617542245016
457,13.971156803993928,-1.1832825447216695
458,13.488022507700958,-1.2548748383552253
459,14.006423082190286,-1.1780566815126843
460,13.15600924630993,-1.304073562358307
461,13.552537850965384,-1.2453147606826278
462,14.605396303579838,-1.0892990274330943
463,13.5279300505593,-1.2489612185844283
464,12.986453976336,-1.3291987724049346
465,12.923961648460104,-1.3384590735706017
466,13.03921750801036,-1.3213801135314946
467,13.440278511730904,-1.261949687325696
468,13.027802549504347,-1.3230716164271652
469,12.57140317068282,-1.3907022495523065
470,12.511771135304274,-1.3995387039699383
471,12.854700252222884,-1.3487224356521839
472,12.74213652893313,-1.3654024668403641
473,12.891202120373348,-1.3433134790062728
474,13.065749556961975,-1.3174485146907198
475,13.914494591910422,-1.191678921788118
476,11.76413162120025,-1.5103261765970666
477,12.783440501419095,-1.3592819199259005
478,12.434555644480994,-1.4109807277188118
479,11.409041159229552,-1.5629445496145464
480,12.902561053156072,-1.3416302781708442
481,12.43539141539965,-1.4108568806694968
482,12.57226347757711,-1.3905747666883006
483,11.27075649160249,-1.5834359877213786
484,11.958916884298826,-1.4814623102596074
485,11.47874361848001,-1.552615829488634
486,13.04967023303008,-1.3198311972889
487,12.490737062688332,-1.4026555961355007
488,11.52888807347545,-1.545185273277507
489,11.052533987019324,-1.6157728550177841
490,11.869937249877966,-1.494647580201615
491,12.27175517318758,-1.4351049913737597
492,10.81123332955288,-1.6515295124438014
493,11.166673549728136,-1.5988593112032508
494,11.034157323144804,-1.618495964360682
495,11.975402797931366,-1.479019377976277
496,11.312589616798384,-1.577237029366293
497,11.289707876846451,-1.5806277144367895
498,11.497776066296222,-1.5497955441081954
499,10.928684556628513,-1.6341252362395695
500,10.603964475595324,-1.682243234834194
501,11.969242903496996,-1.4799321696668708
502,11.974848162107175,-1.4791015655814415
503,11.293216897298173,-1.580107737228644
504,11.289941977957422,-1.5805930246298245
505,11.755430749092485,-1.511615498004358
506,11.164933789528506,-1.599117114104058
507,10.839377716214845,-1.6473589925500578
508,11.03152494683976,-1.6188860378016088
509,11.672010077163677,-1.5239770241590116
510,10.966291188956694,-1.6285525723138943
511,10.569780420208994,-1.6873087310110992
512,10.94345325245259,-1.6319367664576998
513,11.164185970260991,-1.5992279282130863
514,11.070967336873691,-1.613041345775841
515,11.046665101205445,-1.6166425241754343
516,10.324975465325595,-1.7235846657717604
517,11.092078150436333,-1.6099130819059058
518,10.690624482396135,-1.669401694292002
519,10.2905163109854,-1.7286909269393413
520,10.99816547665457,-1.623829344462475
521,10.361607324341744,-1.7181564466882682
522,9.773276621700926,-1.805337060319465
523,10.03278603867041,-1.7668821741254903
524,10.415596003257637,-1.7101562418104703
525,10.769560033185716,-1.6577047868821682
526,10.023037347825166,-1.7683267644658793
527,10.310075315360717,-1.7257926148237208
528,9.798109674869076,-1.8016572237856623
529,10.874110703529194,-1.642212153988484
530,11.21911660547852,-1.591088141416443
531,11.143126553517652,-1.6023485759476996
532,10.799688292660637,-1.6532402907461112
533,10.727847201466137,-1.6638859197880058
534,9.240728093688112,-1.884251703482143
535,12.349081806303632,-1.423646498225549
536,9.990824145398738,-1.77310021372147
537,10.661233262398516,-1.6737569737007774
538,8.93501800857556,-1.9295527436857667
539,10.283806109815432,-1.729685264737727
540,10.06429528520129,-1.7622130391724982
541,10.715617779678873,-1.6656981123031724
542,10.915973755748626,-1.6360087609570089
543,9.66382742928297,-1.821555570952356
544,9.673359186789147,-1.8201431264468384
545,10.218121356496509,-1.7394186291106102
546,10.958108574324486,-1.6297650967691732
547,10.110350109832693,-1.755388496693208
548,9.430444735592156,-1.8561389206832786
549,9.757536742220507,-1.807669443017537
550,10.152947090982538,-1.749076347864648
551,10.163559410268336,-1.747503782463534
552,9.683957282449878,-1.8185726687452817
553,9.716348898703286,-1.8137727815920144
554,9.532404109601496,-1.841030273876835
555,10.588418701640718,-1.6845468543914448
556,9.595792040782516,-1.8316372595188077
557,9.776830894099822,-1.8048103775416373
558,9.759352026050562,-1.807400448797945
559,9.200452699798548,-1.8902198325255017
560,9.569879040388276,-1.8354771258818157
561,10.614513521313956,-1.6806800455006343
562,9.395361569535824,-1.861337649784424
563,9.518447879033408,-1.8430983501126033
564,9.334962434806473,-1.8702877752918343
565,9.95759851765589,-1.7780236872065376
566,10.94801420151517,-1.6312609113030538
567,9.942002673598878,-1.780334726302209
568,10.045506974862002,-1.7649971475270683
569,9.618880341040343,-1.8282159657207047
570,9.990974587629172,-1.773077920739128
571,10.64218965450209,-1.6765789128154795
572,10.105700913409782,-1.7560774286072183
573,11.107413343299465,-1.6076406668883663
574,10.679250093750428,-1.6710871854237097
575,10.015033291908455,-1.7695128295534654
576,10.014677435480762,-1.7695655614295884
577,10.893110873154177,-1.6393966516875373
578,10.15708733750725,-1.7484628336778334
579,10.804357131871368,-1.6525484481047024
580,11.113517574668158,-1.6067361235183182
581,10.022816669175034,-1.768359465292213
582,10.314460476214048,-1.7251428084948162
583,10.642734364658876,-1.6764981960255745
584,12.726811798808496,-1.367673331457834
585,10.56355165971983,-1.6882317274808905
586,9.532891772771508,-1.8409580104810677
587,9.79243145719306,-1.8024986391649795
588,9.986704992036268,-1.7737106022600406
589,10.859933887981184,-1.6443129171702526
590,9.65410602688687,-1.8229961176082479
591,11.05316049852252,-1.615680016658252
592,10.701900148504022,-1.6677308321629756
593,10.91021499622709,-1.636862111269322
594,9.890129499486449,-1.7880214493132984
595,10.413521203768653,-1.7104636918412088
596,10.549991650468522,-1.6902410904498248
597,10.551828617126423,-1.689968883203565
598,10.596671624641267,-1.6833239114306078
599,10.335748719878556,-1.7219882524985515
600,10.567453995414304,-1.6876534676367039
601,11.043138570314744,-1.6171650961331117
602,9.97027235677982,-1.776145639593303
603,11.354889359425528,-1.5709689262363302
604,11.100811481665133,-1.6086189506083997
605,10.15641867244649,-1.7485619184783532
606,10.860753118509171,-1.6441915211257918
607,11.15005573019425,-1.6013217896999086
608,10.112784551415274,-1.755027753814983
609,10.783196739832354,-1.6556840586624337
610,10.755375387908186,-1.6598067102968141
611,10.504915208877955,-1.6969206531864574
612,10.907600942707422,-1.6372494695847841
613,10.595638513389778,-1.683477000964181
614,11.617934431083212,-1.5319901160929141
615,10.653095189706317,-1.6749628977973725
616,11.398678128267154,-1.564480174721864
617,10.211899077416575,-1.7403406651456808
618,10.99622069386388,-1.6241175282276785
619,11.12144157288913,-1.6055619216209565
620,11.05692525938999,-1.615122143065853
621,10.995318092960924,-1.6242512783451388
622,10.899745082751426,-1.6384135745490334
623,11.651414423434948,-1.5270289500947933
624,11.815127626953869,-1.5027694350325271
625,11.316183251172834,-1.576704513812499
626,10.85141732135061,-1.6455749276374128
627,12.339787524044024,-1.4250237529345369
628,11.046592299302777,-1.6166533121804112
629,10.801056348763307,-1.6530375680767395
630,10.569328175213244,-1.6873757460352417
631,11.670828777167332,-1.524152072746654
632,11.558447175903597,-1.5408051165450674
633,12.22927184145732,-1.4414002992893877
634,12.066556277508123,-1.4655119811186084
635,11.953914099138354,-1.482203638016594
636,11.721505033123949,-1.5166427126690671
637,12.46112466424712,-1.4070436504315087
638,12.889347189719178,-1.343588348211548
639,12.510223382647762,-1.3997680546153124
640,11.82461132585698,-1.5013641119954062
641,12.498361531311264,-1.4015257794351732
642,11.958290161313366,-1.4815551799572177
643,11.659108655100724,-1.5258887956968807
644,11.814977414255104,-1.502791694002176
645,12.13880600436318,-1.4548057992150683
646,12.423813183184713,-1.4125725779545981
647,13.456598142799844,-1.259531395292935
648,12.040469308762477,-1.4693776266353473
649,13.19859316302082,-1.2977633494576186
650,12.434278502655554,-1.4110217954283437
651,11.641295694135724,-1.5285283738466298
652,12.453721668506924,-1.4081406486137256
653,13.352542208850783,-1.274950716659178
654,12.994646025810308,-1.3279848498663664
655,13.083158846606365,-1.314868753771787
656,13.604307540291565,-1.2376433723585203
657,12.481505832518977,-1.4040235075960497
658,12.53390916576866,-1.3962582240089094
659,11.988518218319292,-1.4770758955227552
660,13.620005180403847,-1.2353172488171045
661,13.524267070434338,-1.2495040100001742
662,13.667043882958302,-1.2283469123469775
663,12.776061181695882,-1.360375409724687
664,12.628414594590904,-1.3822541252270162
665,12.834163879915735,-1.3517655770885555
666,18.063495046842142,-0.5768675512554269
667,14.39918759606156,-1.119855654134446
668,14.187063637394257,-1.1512888205483096
669,15.590019671305408,-0.9433945743616776
670,13.967536933550855,-1.1838189480150485
671,13.544839141343482,-1.246455578637552
672,14.13269928571023,-1.1593446937471783
673,13.448475814577217,-1.2607349863266584
674,14.460034115734553,-1.1108392337800375
675,13.727857148822403,-1.2193354196420212
676,14.623877647504054,-1.086560406285481
677,14.07582615180823,-1.1677723258432933
678,13.963518416596289,-1.1844144239479106
679,15.23447000388616,-0.9960809938241375
680,14.586251575646438,-1.0921359508191157
681,14.406881315862703,-1.1187155755861748
682,15.017636421001368,-1.0282120465244216
683,14.03950378490238,-1.1731546834547109
684,15.334254968303917,-0.9812945575731331
685,14.782791463138624,-1.0630120789598632
686,15.224960067319914,-0.9974902048371234
687,14.223038558956482,-1.1459579484332711
688,14.878522988522157,-1.0488262935005546
689,16.674006794736332,-0.782766101013553
690,15.731441247062229,-0.9224382997701447
691,15.630281867255675,-0.9374284010286724
692,15.167953511354854,-1.00593760781597
693,15.597607394907412,-0.9422702026491061
694,16.14168011286409,-0.8616478703476513
695,15.488478671656102,-0.9584412251966861
696,15.509427813908818,-0.9553369182678769
697,14.794700084893863,-1.0612474235586349
698,15.67600776270432,-0.9306526002653346
699,15.022016006635424,-1.0275630663482833
700,15.911236492428076,-0.8957956993608717
701,16.539329038476854,-0.8027230561418022
702,15.06257729185391,-1.021552573067642
703,16.816909510955867,-0.7615903465719397
704,16.1123686713161,-0.8659913279457307
705,16.341834545025826,-0.8319883843841642
706,16.182399963241544,-0.8556138804046785
707,15.655434922365345,-0.9337011456443838
708,16.19924740964407,-0.8531173751077458
709,17.718375256983048,-0.6280084400805923
710,16.20080974656336,-0.8528858633224338
711,16.033952068428736,-0.877611336094053
712,16.97848242091303,-0.7376479866491682
713,16.944779615839693,-0.7426421697067536
714,16.906045642252888,-0.7483818864519696
715,17.15518324639275,-0.7114639266888199
716,17.550509750322014,-0.6528832559155145
717,17.01547059479447,-0.7321669677568905
718,17.487090560573456,-0.6622809022621273
719,17.9828392805597,-0.5888193653726153
720,17.054451846892054,-0.7263906085379588
721,16.472371770690874,-0.8126449855370353
722,18.050399264528764,-0.5788081236799769
723,19.048169465658656,-0.4309555332797564
724,17.874858852805403,-0.6048202300385646
725,18.06149937229034,-0.5771632763149104
726,17.89476947517382,-0.6018698141108114
727,18.91898208768365,-0.45009890763488075
728,18.1684829486494,-0.5613101280879389
729,18.196615064774008,-0.5571414264793394
730,18.82798496266915,-0.4635831354030891
731,18.21318685746377,-0.5546857683789248
732,17.89585532646984,-0.6017089093987605
733,19.062333936158566,-0.42885659942435794
734,18.408488611154738,-0.5257453669115171
735,18.29970173047002,-0.5418657341990759
736,19.920710568709467,-0.3016597674103831
737,18.864722197820782,-0.4581393013667948
738,19.284541259003717,-0.3959292497687466
739,19.135667603548782,-0.41798979595105995
740,18.761280783415792,-0.47346756137808926
741,19.632750293791705,-0.34433058733538907
742,19.52896596580597,-0.35970966131280435
743,19.125673704988618,-0.4194707219084037
744,19.75568421210568,-0.3261138694476555
745,19.365691809973335,-0.38390411696795146
746,19.154383496079348,-0.4152164186852701
747,19.187602485167123,-0.410293928936085
748,20.00928508657948,-0.2885345288577562
749,19.76671881182975,-0.32447872926068083
750,20.792767732728,-0.17243571308284286
751,20.10426516723302,-0.2744600947394142
752,19.81696224093002,-0.3170335067689163
753,20.37227764318834,-0.23474519968171717
754,19.73001948217436,-0.32991694634649543
755,20.41884533656013,-0.22784465876940574
756,20.70421976743055,-0.18555701699537783
757,20.726159679905045,-0.18230589475416975
758,21.36336648147914,-0.0878826737292472
759,22.09431803432126,0.020431926588929776
760,26.667165115494463,0.6980501654278023
761,21.551969946037705,-0.05993484489865883
762,22.317710730396485,0.053534928416212296
763,20.626200586668887,-0.19711813393738745
764,21.277881960079476,-0.10055002730800777
765,21.05673951896586,-0.13331957958472485
766,21.80014510874482,-0.023159502602716073
767,21.597607282730543,-0.05317216703820352
768,21.135460501485845,-0.12165446754665228
769,21.63292085263897,-0.04793929600103702
770,22.233564225046464,0.041065846081384326
771,24.52736249927082,0.3809677757196653
772,21.476376055251983,-0.07113657507504977
773,21.483688765758277,-0.070052955630434
774,22.20266500598609,0.03648710683436476
775,22.741721860177677,0.11636617335185058
776,21.198444589489817,-0.1123212958856453
777,22.332204263258483,0.055682623722476655
778,21.904427198702216,-0.007706668758721255
779,22.950605207145543,0.14731913617404505
780,22.41061391271968,0.0673016014911883
781,22.675451513106548,0.1065460339348863
782,22.69027910771184,0.10874323151536563
783,23.333700956620994,0.20408741695364477
784,23.87635649068227,0.2844997466815895
785,22.364956797408563,0.060535992775568606
786,22.53605406757682,0.0858897010504161
787,24.53523989570448,0.3821350720239718
788,22.763575576557525,0.11960452279641534
789,23.71795939051005,0.26102798780782743
790,23.87738850678386,0.28465267393255567
791,23.13596984708457,0.17478702622784067
792,23.106178003039584,0.17037238114236658
793,23.429000635862824,0.21820921015237785
794,23.69659212839237,0.25786172261942863
795,26.176022034887847,0.6252711060385762
796,22.67378637182995,0.10629928829060033
797,23.393875211197617,0.21300421904342556
798,23.752688858709224,0.26617430489632654
799,23.633101502181876,0.2484534906029548
800,22.67581552784584,0.10659997473416802
801,23.24026983694693,0.1902425125336087
802,23.607768330937493,0.24469954506790775
803,24.278497605446912,0.34409022699163877
804,24.193425989891967,0.3314840590432608
805,24.17081989673511,0.32813422014419874
806,24.95962396415069,0.44502158013305537
807,29.00068190654886,1.043837704391283
808,24.78488299145401,0.4191279370547177
809,24.84376850110636,0.427853769044166
810,24.428826594096183,0.3663664288253579
811,24.56176786708308,0.38606606663770915
812,24.149200018969363,0.32493052160902297
813,24.950058074625137,0.4436040778422134
814,25.540356828512746,0.5310763232284467
815,25.89634177471354,0.5838272436103822
816,25.16811075135744,0.4759157795367159
817,25.607287149179115,0.54099425951842
818,24.004033377182417,0.3034192918653449
819,25.28575735660123,0.49334900746574106
820,25.34384716467203,0.5019569300008032
821,26.387027763717278,0.6565385697906395
822,25.906929124555308,0.585396108964154
823,26.02620757820782,0.6030711491001349
824,26.068455357884893,0.609331552203815
825,30.62536102865532,1.2845875448861934
826,26.748658981976348,0.7101261717541406
827,24.89680082069806,0.4357122577199012
828,26.189084939940354,0.6272068066116924
829,26.74699048889892,0.7098789294299228
830,25.302067204600995,0.4957658498138772
831,26.73195865138314,0.7076514665204611
832,25.997210237762207,0.5987742359484433
833,26.497043743907778,0.6728410687409636
834,26.11584727539488,0.6163542291287725
835,27.049036765723677,0.7546370554981403
836,26.48825226566394,0.6715383210438222
837,27.117837805015856,0.7648322005025278
838,26.97463996451264,0.7436127136566163
839,26.42163961318812,0.6616674577820942
840,27.130547072230254,0.7667154979568006
841,26.608431090178843,0.6893467808431428
842,27.03239006993315,0.7521702980308932
843,26.906647283385723,0.7335373535972692
844,27.56902268592,0.8316901336373822
845,27.447849869223017,0.8137343810858909
846,27.22044551343069,0.7800369194518247
847,26.950559441450075,0.7400443892980008
848,26.71601606722624,0.705289046433549
849,27.474919931143507,0.817745704307116
850,29.503822293221933,1.1183945606897987
851,26.579687874644677,0.6850875246854163
852,26.90867816298976,0.733838295447314
853,28.44110430906792,0.9609178123923056
854,27.35211660107322,0.7995483373782339
855,28.276584443439123,0.9365387637115891
856,27.610032823370144,0.8377671391921748
857,28.460453793533432,0.9637850772173073
858,31.03239642415962,1.3449032744416953
859,27.530775145268084,0.8260224979879914
860,27.000278383513383,0.7474118917226011
861,27.092687522641924,0.761105355990563
862,27.68953321987386,0.8495477471393835
863,29.08762858192345,1.0567217243452391
864,27.985905475692896,0.8934650797035145
865,28.311607979251374,0.9417286566237567
866,28.93787491621754,1.0345307755962447
867,28.38800531289463,0.9530494433801002
868,28.41684269054938,0.9573226527641606
869,28.73569246349944,1.0045707714449983
870,28.61371739975011,0.9864961395115653
871,28.463775431741546,0.9642772875608171
872,28.196462470050665,0.9246660486314573
873,28.639508370071297,0.9903179230911956
874,29.18993620444041,1.0718819756633193
875,29.57560359409318,1.1290313298217023
876,28.87199428735696,1.0247683857962664
877,29.144077972124,1.0650865648247527
878,32.84635015351699,1.613700395710616
879,28.80226453310044,1.0144356210142336
880,29.14184254509289,1.0647553125215412
881,29.517540821367376,1.1204274134654029
882,28.517226810763766,0.9721978737237932
883,28.271612990582973,0.9358020788697267
884,28.767078524811744,1.0092216524416742
885,29.17505007505201,1.069676104222565
886,29.53915400743944,1.1236301204052752
887,28.64382356324684,0.9909573613990934
888,27.928006258556195,0.8848853995064994
889,28.9506426333388,1.0364227343335746
890,29.140835364026827,1.064606065400861
891,28.688432044936164,0.9975675804296061
892,28.92264819347612,1.032274434007695
893,29.764806608261985,1.1570680017174042
894,29.40004041600989,1.103015849875403
895,29.562949055823747,1.1271561422671574
896,29.2407945842219,1.0794183233972323
897,29.06941628352057,1.0540229711724562
898,29.292194292505773,1.087034886817327
899,29.74958964220737,1.15481310590406
900,28.78032793425328,1.0111849897962932
901,30.37624220569809,1.2476723681751933
902,32.63727738265008,1.5827193634851413
903,29.331539690451777,1.092865206263685
904,30.029333536519665,1.196266397830278
905,30.25627849542761,1.2298957846518261
906,29.501731091333077,1.1180846801020972
907,29.57972451365279,1.1296419800806787
908,30.4551899618034,1.2593710842054338
909,30.78769409300873,1.308642546774482
910,29.761994342537207,1.1566512717210269
911,29.18655432394865,1.0713808384369672
912,29.548059101263764,1.1249497040009693
913,30.316879185874228,1.238875777291843
914,29.301586058733523,1.0884265869940146
915,29.72818461105824,1.151641243986945
916,29.993560168340128,1.190965392501901
917,29.40015986354963,1.1030335499712238
918,30.42329092785095,1.2546441893795577
919,30.234919852997365,1.2267307967546455
920,30.904876603027137,1.3260070036766838
921,30.30230589834925,1.2367162636996598
922,29.44190587787462,1.1092195999753685
923,30.197613157177777,1.2212025783232343
924,30.435819372127007,1.2565006919467845
925,30.47022916946509,1.2615996392452913
926,29.57005062378625,1.1282084739743685
927,29.517584929231568,1.1204339495014264
928,33.77061117593211,1.7506601748414043
929,30.780582387044124,1.307588712787617
930,30.29483545294718,1.2356092706236101
931,29.57726477571084,1.1292774887118135
932,30.055244685016145,1.200105989773504
933,29.932880502417465,1.18197369703823
934,29.51080496774564,1.1194292744095333
935,30.0168566502822,1.1944175352883328
936,30.095078613913625,1.2060087012060976
937,30.96562105689476,1.3350082996129669
938,29.671711515446173,1.14327289076823
939,29.143713645105148,1.0650325777509468
940,29.472091808765768,1.1136926420353979
941,29.54769780397135,1.1248961658811423
942,29.777308415924587,1.1589205571911072
943,29.463568505007213,1.1124296332403434
944,30.39322789319565,1.2501893584535146
945,29.418795511615563,1.105795036370813
946,29.98076473855652,1.1890693272188846
947,30.964094991515022,1.3347821626535157
948,30.23332593989545,1.2264946059155886
949,30.173763497105373,1.2176684639370996
950,30.86818713507043,1.320570247927051
951,30.55279933884916,1.2738351353739539
952,30.20228441248512,1.2218947789891084
953,29.75340934646405,1.1553791211731808
954,29.885782516714453,1.1749945758127842
955,29.849133661429335,1.1695638381710192
956,29.67103678842459,1.143172907688117
957,29.9640380270302,1.1865907127791637
958,30.01897103531066,1.194730851223412
959,29.206168589303395,1.0742873392907835
960,30.62869899155081,1.2850821742709948
961,30.001081810120414,1.1920799720113096
962,29.647608437148627,1.1397012241070328
963,29.871717532136035,1.1729103840805564
964,30.2077576289836,1.2227058166771503
965,28.989988937817344,1.0422531881126522
966,29.650877413853877,1.1401856309106053
967,29.089873595151268,1.0570543971599209
968,30.99001661921432,1.338623307436544
969,29.708641975383568,1.1487453574346347
970,29.02803293079096,1.0478906614546573
971,31.39332009964809,1.3983860305886606
972,29.301584165030324,1.0884263063793769
973,29.440387717092687,1.1089946343430026
974,29.451191987877248,1.1105956436947289
975,32.73187198409392,1.5967366761343964
976,29.5905887795225,1.1312518796846298
977,28.334204620841287,0.9450770949611923
978,29.95452244263852,1.1851806648544128
979,28.819007944802834,1.0169167101362906
980,29.145927344124715,1.0653606103320348
981,33.03564621330066,1.6417508553854758
982,29.19074312368984,1.0720015473854818
983,29.179911821558875,1.0703965324475164
984,28.72370815146548,1.0027949000305396
985,30.24498351931438,1.2282220611081103
986,29.42966678961019,1.1074059750525318
987,31.5055659703122,1.4150189614184485
988,29.184619535493155,1.0710941356624233
989,28.483635647932054,0.9672202341494703
990,29.885781388414788,1.1749944086179451
991,29.08796359690324,1.0567713678729058
992,28.46331006685981,0.9642083283924953
993,32.27406879110311,1.5288980216019872
994,28.736038403173367,1.0046220338267116
995,28.19202144711515,0.9240079644911419
996,28.98709749938352,1.041824726066041
997,28.93281560920157,1.0337810722606524
998,29.28446649396685,1.0858897583791585
999,28.706443934499795,1.000236636417618
1000,28.68570518068626,0.9971635054807235
1001,28.66961779229585,0.994779627866817
1002,29.34396535921832,1.0947064792466905
1003,28.347459077292328,0.9470411801968648
1004,28.69279776942679,0.9982145066198067
1005,28.721423048356023,1.0024562865765776
1006,28.54232737439066,0.9759173507622325
1007,28.147287564699376,0.91737916320369
1008,28.33475783161336,0.9451590713978462
1009,28.180261402597484,0.9222653257120025
1010,29.15875174256178,1.0672609682772785
1011,27.90174614216617,0.8809940964508663
1012,27.625248847057744,0.8400218953627391
1013,28.02877939259369,0.8998182657048683
1014,27.943308810358506,0.887152977673439
1015,28.02929641203639,0.899894879201447
1016,27.650810734748006,0.8438097327888768
1017,27.882826408799403,0.8781905134366709
1018,27.839998717376933,0.8718441772657741
1019,28.1751991533498,0.9215151863876632
1020,27.715173917069727,0.8533472627951765
1021,27.66583572502895,0.8460361810544792
1022,27.81816375207838,0.8686086064128522
1023,27.938679152006717,0.886466940969592
1024,26.95734736548104,0.7410502443037744
1025,26.766835110997054,0.71281956523905
1026,28.18402577887808,0.9228231423151612
1027,27.631098683400342,0.8408887417124207
1028,27.11163109512391,0.7639124715565765
1029,27.172931336617957,0.7729961257755441
1030,26.908052076033066,0.7337455199983599
1031,27.15072656730013,0.7697057562504146
1032,28.44062563618364,0.960846881204127
1033,27.345195135889423,0.7985226938426477
1034,26.95211893000845,0.7402754790046226
1035,26.909003956384744,0.7338865724927993
1036,26.29453928611428,0.6428333489088266
1037,26.941490321024453,0.7387004997470187
1038,26.18124784033185,0.6260454816121785
1039,26.207570116270865,0.6299459956568011
1040,26.533907820970843,0.6783036985933237
1041,27.679758016805163,0.8480992281379559
1042,26.44736873421688,0.6654800763474865
1043,25.012331750852297,0.45283197854871254
1044,25.91013550598586,0.5858712402115909
1045,26.50746683691801,0.6743855940232382
1046,25.5351545907223,0.5303054399806564
1047,26.44829041901398,0.6656166543737989
1048,29.16732266209667,1.0685310329213322
1049,26.39384388816156,0.6575486036185049
1050,25.55084965185054,0.5326311813604575
1051,25.443571428598357,0.5167343714703577
1052,25.975737710637475,0.5955923722745878
1053,25.620362584602063,0.5429318168795282
1054,25.5206017593892,0.5281489576485328
1055,26.26919413076801,0.6390776275335056
1056,25.71649024130164,0.5571763022690904
1057,24.3487883661038,0.35450612338998183
1058,25.67223843907299,0.5506189370742043
1059,25.55077275593845,0.5326197866928467
1060,25.7219624457236,0.5579871899845891
1061,24.58751555177142,0.3898814360220306
1062,25.147270216609265,0.47282756639469775
1063,24.96783453498366,0.4462382472222751
1064,24.36001061842359,0.35616907050318175
1065,25.23867678515328,0.48637246673700485
1066,24.57065256950681,0.3873826285743111
1067,25.19359413289929,0.47969198368557997
1068,24.17127642739656,0.3282018702311786
1069,23.73757171893264,0.26393420164120907
1070,24.271426009098885,0.34304233656843663
1071,27.616196079904523,0.8386804290888634
1072,23.97437961071007,0.29902510753001926
1073,22.63318359647857,0.10028264687723504
1074,24.28087832671876,0.34444300943259065
1075,24.20189845602492,0.3327395345659982
1076,24.279064126076424,0.3441741757230137
1077,26.55037513925929,0.6807438753626188
1078,23.563275075753943,0.23810640064770322
1079,24.42322077787458,0.3655357421113901
1080,22.8373562577295,0.13053756611682732
1081,23.423243654316263,0.21735612330574577
1082,23.539448165678213,0.23457565742452374
1083,23.692559107160687,0.257264097399144
1084,23.39544452523204,0.21323676471865033
1085,22.770344700006973,0.12060759187545422
1086,23.735700989134653,0.2636569912712683
1087,23.07317921113388,0.1654825208741292
1088,25.85729280619608,0.5780408499686147
1089,23.016834702744003,0.15713322209687922
1090,23.069585438330105,0.16494998480746145
1091,23.731820583717948,0.2630819811216234
1092,22.87513252188591,0.13613536659718167
1093,21.84886460879144,-0.015940100503175323
1094,21.785365287633965,-0.02534962096305336
1095,23.056932888032883,0.1630750918366201
1096,21.944768274967576,-0.0017288067032980852
1097,21.4898059902366,-0.06914648690230844
1098,25.96067206104081,0.5933598989892498
1099,21.8631103935293,-0.013829117259346976
1100,22.492451816993363,0.07942858837262373
1101,21.479409731909303,-0.07068703574052804
1102,22.591364190497405,0.09408572147666493
1103,22.208048090263468,0.03728478845870221
1104,21.328107234441305,-0.09310749504000772
1105,20.776569635575232,-0.1748359958542455
1106,22.676548830882183,0.10670863778438602
1107,21.335957982995332,-0.09194414749868082
1108,20.97668966927393,-0.14518160715850592
1109,21.96810784582563,0.0017297211283462187
1110,21.664642256648797,-0.04323872291449511
1111,21.69988546651332,-0.03801627804032736
1112,20.975880019731605,-0.1453015834636849
1113,21.882236423815502,-0.010994964546943113
1114,20.202908727944884,-0.25984279512369657
1115,20.49864148393718,-0.21602022556795847
1116,20.88599960776069,-0.1586203333332338
1117,21.191461321490507,-0.11335609754838057
1118,20.85428789238697,-0.16331947072852743
1119,20.39854144224004,-0.23085335091819675
1120,20.118635384457804,-0.2723306727152927
1121,20.859174721808436,-0.16259532564182358
1122,20.57080812897677,-0.20532635497780327
1123,19.71327685948513,-0.33239791855020806
1124,19.568823208598666,-0.35380349515707304
1125,19.664382568106635,-0.33964322175520184
1126,19.51641886877086,-0.3615689279019881
1127,20.284403723774496,-0.24776662144721426
1128,19.903549094581702,-0.30420280628045854
1129,19.88079830894201,-0.3075740861469646
1130,19.613989239396208,-0.3471106568222034
1131,19.5538233736406,-0.35602621583124655
1132,18.55985264933992,-0.5033157883234073
1133,19.66422215350881,-0.33966699247294796
1134,18.901810055992804,-0.45264351095641797
1135,19.08345097907946,-0.42572741246937484
1136,18.779983281242277,-0.4706961689798507
1137,19.00611573423165,-0.4371871817299076
1138,19.13641209765792,-0.4178794745740042
1139,18.26220362831356,-0.54742231579737
1140,18.809858444840252,-0.46626917735233075
1141,18.37592775244125,-0.5305703329217197
1142,19.17820199666397,-0.4116869216057848
1143,17.87730766189054,-0.6044573581405832
1144,17.850619993616025,-0.608412017120838
1145,18.08946660964611,-0.5730190069383485
1146,17.723925083418454,-0.6271860501016001
1147,17.99217908688488,-0.587435364770622
1148,17.758182712207752,-0.6221096515964822
1149,17.984226525318114,-0.5886137992705022
1150,18.362095991006672,-0.5326199649467935
1151,17.811889949927448,-0.6141511515219108
1152,17.775773876206372,-0.619502939988533
1153,17.08444376020292,-0.7219463165867172
1154,17.464751494600126,-0.6655911722697283
1155,17.23975370489084,-0.6989320217009604
1156,17.71048025400383,-0.6291783453757926
1157,16.906589964790555,-0.7483012271006317
1158,16.777949874493963,-0.767363502720941
1159,17.28659267786953,-0.6919912817602981
1160,18.03773185946848,-0.5806852178743024
1161,16.879715753786886,-0.7522835285437446
1162,16.972017104372853,-0.7386060367063255
1163,17.282365369418418,-0.6926176970453103
1164,16.983972238170818,-0.7368344890106651
1165,16.908155747690756,-0.7480692046795002
1166,16.52345093441202,-0.8050759213746701
1167,16.45455169876312,-0.8152856174106403
1168,16.03646365371991,-0.8772391618289861
1169,20.453084944237634,-0.2227709306868535
1170,16.489813926347974,-0.8100603544334548
1171,16.53901009484503,-0.8027703181687735
1172,15.859035143879971,-0.9035310522472195
1173,16.441087990777277,-0.817280710168316
1174,16.51590087688345,-0.8061947116151539
1175,15.2657517915735,-0.9914455644069378
1176,15.648081981499883,-0.9347907265446622
1177,16.30811289119093,-0.8369853605079478
1178,15.320206823120666,-0.9833762539931203
1179,15.83405556738429,-0.9072326010485413
1180,15.498963286043692,-0.9568875834916151
1181,15.585432548223045,-0.944074308061325
1182,15.3651605110085,-0.9767148812694884
1183,15.64468441962126,-0.9352941874861
1184,16.64802805709774,-0.7866157085192131
1185,14.66787251527914,-1.0800411144109636
1186,15.783769890087196,-0.9146840840052236
1187,16.029021497937215,-0.8783419628641215
1188,14.903809754266256,-1.0450792244721603
1189,15.692190065402183,-0.9282546579637804
1190,14.377070303990292,-1.123133061017987
1191,16.841532336553012,-0.7579416621921213
1192,15.34961168831919,-0.9790189525974204
1193,19.93607455662662,-0.29938308545510256
1194,17.42968079180261,-0.6707880545276841
1195,18.3716528610002,-0.5312037991973443
1196,13.834991299781397,-1.2034599588177977
1197,14.38413410437114,-1.1220863258246572
1198,14.80483030546898,-1.0597462969949625
1199,14.069352383695096,-1.1687316282799598
